[{"model": "menu.coupon", "pk": 1, "fields": {"user": 1, "order": 11, "code": "3D7E33EE23", "amount": 960, "status": "used", "created_at": "2026-04-30T07:09:30.948Z", "expires_at": "2027-04-30T07:09:30.946Z", "is_used": true}}, {"model": "menu.coupon", "pk": 2, "fields": {"user": 1, "order": 12, "code": "6F18AB8ADC", "amount": 1200, "status": "used", "created_at": "2026-04-30T07:09:50.356Z", "expires_at": "2027-04-30T07:09:50.351Z", "is_used": true}}, {"model": "menu.coupon", "pk": 3, "fields": {"user": 1, "order": 13, "code": "4491CB55E0", "amount": 1440, "status": "used", "created_at": "2026-04-30T07:10:09.582Z", "expires_at": "2027-04-30T07:10:09.582Z", "is_used": true}}, {"model": "menu.coupon", "pk": 4, "fields": {"user": 1, "order": 14, "code": "BFCD27B8C6", "amount": 1920, "status": "used", "created_at": "2026-04-30T07:20:42.326Z", "expires_at": "2027-04-30T07:20:42.324Z", "is_used": true}}, {"model": "menu.coupon", "pk": 5, "fields": {"user": 1, "order": 15, "code": "23F1304773", "amount": 960, "status": "used", "created_at": "2026-04-30T07:34:12.132Z", "expires_at": "2027-04-30T07:34:12.132Z", "is_used": true}}, {"model": "menu.coupon", "pk": 6, "fields": {"user": 1, "order": 17, "code": "245750C764", "amount": 480, "status": "used", "created_at": "2026-04-30T07:40:30.480Z", "expires_at": "2027-04-30T07:40:30.475Z", "is_used": true}}, {"model": "menu.coupon", "pk": 7, "fields": {"user": 1, "order": 18, "code": "54A26E61ED", "amount": 240, "status": "used", "created_at": "2026-04-30T07:42:27.784Z", "expires_at": "2027-04-30T07:42:27.784Z", "is_used": true}}, {"model": "menu.coupon", "pk": 8, "fields": {"user": 1, "order": 19, "code": "37B48694CD", "amount": 480, "status": "used", "created_at": "2026-04-30T07:45:35.071Z", "expires_at": "2027-04-30T07:45:35.071Z", "is_used": true}}, {"model": "menu.coupon", "pk": 9, "fields": {"user": 1, "order": 21, "code": "4C00355C00", "amount": 960, "status": "unused", "created_at": "2026-05-01T01:45:24.275Z", "expires_at": "2027-05-01T01:45:24.275Z", "is_used": true}}, {"model": "menu.coupon", "pk": 10, "fields": {"user": 1, "order": 22, "code": "96EFC9FE03", "amount": 720, "status": "unused", "created_at": "2026-05-01T01:51:05.714Z", "expires_at": "2027-05-01T01:51:05.714Z", "is_used": true}}, {"model": "menu.coupon", "pk": 11, "fields": {"user": 1, "order": 23, "code": "515EB73ABF", "amount": 240, "status": "unused", "created_at": "2026-05-01T01:51:18.779Z", "expires_at": "2027-05-01T01:51:18.776Z", "is_used": true}}, {"model": "menu.coupon", "pk": 12, "fields": {"user": 1, "order": 25, "code": "1C77CDE1EA", "amount": 240, "status": "unused", "created_at": "2026-05-01T01:51:43.963Z", "expires_at": "2027-05-01T01:51:43.963Z", "is_used": true}}, {"model": "menu.coupon", "pk": 13, "fields": {"user": 1, "order": 27, "code": "941BC3F6DB", "amount": 960, "status": "unused", "created_at": "2026-05-01T02:10:37.074Z", "expires_at": "2027-05-01T02:10:37.074Z", "is_used": true}}, {"model": "menu.coupon", "pk": 14, "fields": {"user": 1, "order": 28, "code": "F65070CACA", "amount": 480, "status": "unused", "created_at": "2026-05-01T02:15:21.512Z", "expires_at": "2027-05-01T02:15:21.512Z", "is_used": true}}, {"model": "menu.coupon", "pk": 15, "fields": {"user": 1, "order": 29, "code": "93EE2C5836", "amount": 240, "status": "unused", "created_at": "2026-05-01T02:18:01.288Z", "expires_at": "2027-05-01T02:18:01.286Z", "is_used": true}}, {"model": "menu.coupon", "pk": 16, "fields": {"user": 1, "order": 30, "code": "D1037ABF86", "amount": 192, "status": "unused", "created_at": "2026-05-01T02:20:43.543Z", "expires_at": "2027-05-01T02:20:43.543Z", "is_used": true}}, {"model": "menu.coupon", "pk": 17, "fields": {"user": 1, "order": 31, "code": "2E3887DD5A", "amount": 216, "status": "unused", "created_at": "2026-05-01T02:24:59.672Z", "expires_at": "2027-05-01T02:24:59.672Z", "is_used": false}}, {"model": "menu.coupon", "pk": 18, "fields": {"user": 1, "order": 32, "code": "DEC45C89D5", "amount": 216, "status": "unused", "created_at": "2026-05-01T02:26:33.099Z", "expires_at": "2027-05-01T02:26:33.099Z", "is_used": false}}, {"model": "menu.coupon", "pk": 19, "fields": {"user": 2, "order": 33, "code": "1AB0EDF85E", "amount": 960, "status": "unused", "created_at": "2026-05-01T02:30:54.166Z", "expires_at": "2027-05-01T02:30:54.166Z", "is_used": true}}, {"model": "menu.coupon", "pk": 20, "fields": {"user": 2, "order": 34, "code": "A836BDC1B8", "amount": 1344, "status": "unused", "created_at": "2026-05-01T02:31:14.354Z", "expires_at": "2027-05-01T02:31:14.354Z", "is_used": true}}, {"model": "menu.coupon", "pk": 21, "fields": {"user": 2, "order": 35, "code": "BB6E295B30", "amount": 1545, "status": "unused", "created_at": "2026-05-01T04:18:54.670Z", "expires_at": "2027-05-01T04:18:54.670Z", "is_used": false}}, {"model": "menu.coupon", "pk": 22, "fields": {"user": 1, "order": 36, "code": "6EB860BC2F", "amount": 1416, "status": "unused", "created_at": "2026-05-01T04:51:23.213Z", "expires_at": "2027-05-01T04:51:23.212Z", "is_used": false}}, {"model": "menu.coupon", "pk": 23, "fields": {"user": 1, "order": 37, "code": "3392D02121", "amount": 280, "status": "unused", "created_at": "2026-05-01T05:04:37.515Z", "expires_at": "2027-05-01T05:04:37.515Z", "is_used": false}}, {"model": "menu.coupon", "pk": 24, "fields": {"user": 1, "order": 38, "code": "CDE529E7BF", "amount": 1400, "status": "unused", "created_at": "2026-05-01T05:05:16.181Z", "expires_at": "2027-05-01T05:05:16.181Z", "is_used": false}}, {"model": "menu.coupon", "pk": 25, "fields": {"user": 1, "order": 39, "code": "E84288D40F", "amount": 240, "status": "unused", "created_at": "2026-05-01T05:05:27.505Z", "expires_at": "2027-05-01T05:05:27.505Z", "is_used": false}}, {"model": "menu.coupon", "pk": 26, "fields": {"user": 1, "order": 40, "code": "66577C6348", "amount": 1400, "status": "unused", "created_at": "2026-05-01T05:07:30.435Z", "expires_at": "2027-05-01T05:07:30.430Z", "is_used": false}}, {"model": "menu.coupon", "pk": 27, "fields": {"user": 1, "order": 41, "code": "DC1954D52F", "amount": 1400, "status": "unused", "created_at": "2026-05-01T05:09:17.678Z", "expires_at": "2027-05-01T05:09:17.678Z", "is_used": false}}, {"model": "menu.coupon", "pk": 28, "fields": {"user": 4, "order": 42, "code": "E58F40E7DF", "amount": 280, "status": "unused", "created_at": "2026-05-01T05:10:08.234Z", "expires_at": "2027-05-01T05:10:08.233Z", "is_used": true}}, {"model": "menu.coupon", "pk": 29, "fields": {"user": 4, "order": 43, "code": "BC02F2CFD1", "amount": 280, "status": "unused", "created_at": "2026-05-01T05:11:49.426Z", "expires_at": "2027-05-01T05:11:49.426Z", "is_used": true}}, {"model": "menu.coupon", "pk": 30, "fields": {"user": 4, "order": 44, "code": "043C11D050", "amount": 840, "status": "unused", "created_at": "2026-05-01T05:12:30.178Z", "expires_at": "2027-05-01T05:12:30.178Z", "is_used": true}}, {"model": "menu.coupon", "pk": 31, "fields": {"user": 4, "order": 45, "code": "5D51527B03", "amount": 280, "status": "unused", "created_at": "2026-05-01T05:15:17.776Z", "expires_at": "2027-05-01T05:15:17.776Z", "is_used": false}}, {"model": "menu.coupon", "pk": 32, "fields": {"user": 1, "order": 46, "code": "5B74800CD3", "amount": 1120, "status": "unused", "created_at": "2026-05-01T05:15:59.648Z", "expires_at": "2027-05-01T05:15:59.647Z", "is_used": true}}, {"model": "menu.coupon", "pk": 33, "fields": {"user": 1, "order": 47, "code": "B74CA03AB8", "amount": 560, "status": "unused", "created_at": "2026-05-01T05:25:01.146Z", "expires_at": "2027-05-01T05:25:01.146Z", "is_used": true}}, {"model": "menu.coupon", "pk": 34, "fields": {"user": 5, "order": 48, "code": "AA3659A4F2", "amount": 560, "status": "unused", "created_at": "2026-05-01T05:28:17.125Z", "expires_at": "2027-05-01T05:28:17.125Z", "is_used": false}}, {"model": "menu.coupon", "pk": 35, "fields": {"user": 1, "order": 49, "code": "C55389585E", "amount": 240, "status": "unused", "created_at": "2026-05-01T06:24:47.095Z", "expires_at": "2027-05-01T06:24:47.095Z", "is_used": false}}, {"model": "menu.coupon", "pk": 36, "fields": {"user": 1, "order": 50, "code": "B327334EE9", "amount": 230, "status": "unused", "created_at": "2026-05-01T06:25:00.373Z", "expires_at": "2027-05-01T06:25:00.372Z", "is_used": true}}, {"model": "menu.coupon", "pk": 37, "fields": {"user": 1, "order": 51, "code": "F1F9E51C6C", "amount": 1200, "status": "unused", "created_at": "2026-05-01T06:28:50.365Z", "expires_at": "2027-05-01T06:28:50.364Z", "is_used": false}}, {"model": "menu.coupon", "pk": 38, "fields": {"user": 1, "order": 52, "code": "DB1B932C10", "amount": 300, "status": "unused", "created_at": "2026-05-01T06:32:04.183Z", "expires_at": "2027-05-01T06:32:04.183Z", "is_used": true}}, {"model": "menu.coupon", "pk": 39, "fields": {"user": 6, "order": 53, "code": "06E90823BA", "amount": 240, "status": "unused", "created_at": "2026-05-01T06:47:34.441Z", "expires_at": "2027-05-01T06:47:34.441Z", "is_used": false}}, {"model": "menu.coupon", "pk": 40, "fields": {"user": 1, "order": 54, "code": "83EE04B48D", "amount": 5324, "status": "unused", "created_at": "2026-05-01T07:27:57.932Z", "expires_at": "2027-05-01T07:27:57.932Z", "is_used": true}}, {"model": "menu.coupon", "pk": 41, "fields": {"user": 1, "order": 57, "code": "E8DDDCA2B4", "amount": 637, "status": "unused", "created_at": "2026-05-07T02:37:00.646Z", "expires_at": "2027-05-07T02:37:00.646Z", "is_used": true}}, {"model": "menu.coupon", "pk": 42, "fields": {"user": 1, "order": 59, "code": "F8629DB1F5", "amount": 587, "status": "unused", "created_at": "2026-05-07T02:55:54.661Z", "expires_at": "2027-05-07T02:55:54.661Z", "is_used": true}}, {"model": "menu.coupon", "pk": 43, "fields": {"user": 1, "order": 60, "code": "DC7C611057", "amount": 1381, "status": "unused", "created_at": "2026-05-07T02:56:36.346Z", "expires_at": "2027-05-07T02:56:36.345Z", "is_used": false}}, {"model": "menu.coupon", "pk": 44, "fields": {"user": 4, "order": 67, "code": "B53F067140", "amount": 420, "status": "unused", "created_at": "2026-05-07T04:37:02.537Z", "expires_at": "2027-05-07T04:37:02.537Z", "is_used": true}}, {"model": "menu.coupon", "pk": 45, "fields": {"user": 4, "order": 68, "code": "CAC67C2670", "amount": 378, "status": "unused", "created_at": "2026-05-07T04:43:30.668Z", "expires_at": "2027-05-07T04:43:30.668Z", "is_used": false}}, {"model": "menu.coupon", "pk": 46, "fields": {"user": 4, "order": 89, "code": "669F62BDB3", "amount": 692, "status": "unused", "created_at": "2026-05-07T04:55:10.966Z", "expires_at": "2027-05-07T04:55:10.964Z", "is_used": false}}, {"model": "menu.coupon", "pk": 47, "fields": {"user": 4, "order": 90, "code": "56B4A3B51B", "amount": 1440, "status": "unused", "created_at": "2026-05-07T04:58:01.207Z", "expires_at": "2027-05-07T04:58:01.207Z", "is_used": false}}, {"model": "menu.coupon", "pk": 48, "fields": {"user": 4, "order": 92, "code": "2D624A3218", "amount": 216, "status": "unused", "created_at": "2026-05-07T04:59:39.024Z", "expires_at": "2027-05-07T04:59:39.022Z", "is_used": false}}, {"model": "menu.coupon", "pk": 49, "fields": {"user": 4, "order": 93, "code": "6AFBF9748E", "amount": 280, "status": "unused", "created_at": "2026-05-07T05:00:01.257Z", "expires_at": "2027-05-07T05:00:01.257Z", "is_used": false}}, {"model": "menu.coupon", "pk": 50, "fields": {"user": 7, "order": 98, "code": "E980BE6C2B", "amount": 1800, "status": "unused", "created_at": "2026-05-07T05:40:55.411Z", "expires_at": "2027-05-07T05:40:55.411Z", "is_used": true}}, {"model": "menu.coupon", "pk": 51, "fields": {"user": 7, "order": 99, "code": "89A96D939A", "amount": 420, "status": "unused", "created_at": "2026-05-07T05:46:51.240Z", "expires_at": "2027-05-07T05:46:51.240Z", "is_used": false}}, {"model": "menu.coupon", "pk": 52, "fields": {"user": 4, "order": 100, "code": "2F8997ADED", "amount": 960, "status": "unused", "created_at": "2026-05-07T06:07:47.694Z", "expires_at": "2027-05-07T06:07:47.694Z", "is_used": false}}, {"model": "menu.coupon", "pk": 53, "fields": {"user": 4, "order": 101, "code": "3F1A1218B9", "amount": 212, "status": "unused", "created_at": "2026-05-07T06:09:18.948Z", "expires_at": "2027-05-07T06:09:18.947Z", "is_used": false}}, {"model": "menu.coupon", "pk": 54, "fields": {"user": 4, "order": 102, "code": "48CCD533DF", "amount": 560, "status": "unused", "created_at": "2026-05-07T06:09:35.507Z", "expires_at": "2027-05-07T06:09:35.507Z", "is_used": false}}, {"model": "menu.coupon", "pk": 55, "fields": {"user": 7, "order": 103, "code": "41476F700C", "amount": 380, "status": "unused", "created_at": "2026-05-07T06:48:32.690Z", "expires_at": "2027-05-07T06:48:32.690Z", "is_used": false}}, {"model": "menu.coupon", "pk": 56, "fields": {"user": 8, "order": 104, "code": "D9912799C2", "amount": 280, "status": "unused", "created_at": "2026-05-07T07:02:52.564Z", "expires_at": "2027-05-07T07:02:52.564Z", "is_used": false}}, {"model": "menu.favorite", "pk": 1, "fields": {"menu_name": "['chocolate', 'strawberry']", "image_url": "https://replicate.delivery/xezq/FK3nYZ0xAu5bGBQHui0PVC0ILcCCstgPDH6I7frGSB5PgORLA/out-0.png", "total": 1}}, {"model": "menu.order", "pk": 1, "fields": {"user": 1, "cake_name": null, "flavor": "unknown", "image_url": "", "status": "pending", "order_type": "menu", "layers": null, "size": null, "reserved_date": null, "reserved_time": null, "created_at": "2026-04-30T05:12:22.245Z", "price": 0, "discount": "0.00"}}, {"model": "menu.order", "pk": 2, "fields": {"user": 1, "cake_name": "chocolate cake", "flavor": "chocolate", "image_url": "https://picsum.photos/400", "status": "done", "order_type": "ai", "layers": 1, "size": 6, "reserved_date": "2026-05-07", "reserved_time": "17:14:00", "created_at": "2026-04-30T05:12:36.554Z", "price": 0, "discount": "0.00"}}, {"model": "menu.order", "pk": 3, "fields": {"user": 1, "cake_name": null, "flavor": "unknown", "image_url": "", "status": "pending", "order_type": "menu", "layers": null, "size": null, "reserved_date": null, "reserved_time": null, "created_at": "2026-04-30T05:28:09.567Z", "price": 0, "discount": "0.00"}}, {"model": "menu.order", "pk": 4, "fields": {"user": 1, "cake_name": "chocolate cake", "flavor": "chocolate", "image_url": "https://picsum.photos/400", "status": "done", "order_type": "ai", "layers": 2, "size": 10, "reserved_date": "2026-05-07", "reserved_time": "16:40:00", "created_at": "2026-04-30T05:38:40.769Z", "price": 0, "discount": "0.00"}}, {"model": "menu.order", "pk": 5, "fields": {"user": 1, "cake_name": "strawberry cake", "flavor": "strawberry", "image_url": "https://picsum.photos/400", "status": "done", "order_type": "ai", "layers": 3, "size": 8, "reserved_date": "2026-05-07", "reserved_time": "16:43:00", "created_at": "2026-04-30T05:42:02.235Z", "price": 5000, "discount": "0.00"}}, {"model": "menu.order", "pk": 6, "fields": {"user": 1, "cake_name": "哈哈哈", "flavor": "['cheese', 'tiramisu']", "image_url": "https://picsum.photos/400", "status": "done", "order_type": "ai", "layers": 1, "size": 6, "reserved_date": "2026-05-02", "reserved_time": "15:30:00", "created_at": "2026-04-30T05:53:41.240Z", "price": 8500, "discount": "0.00"}}, {"model": "menu.order", "pk": 7, "fields": {"user": 1, "cake_name": null, "flavor": "unknown", "image_url": "", "status": "pending", "order_type": "menu", "layers": null, "size": null, "reserved_date": null, "reserved_time": null, "created_at": "2026-04-30T06:03:30.166Z", "price": 0, "discount": "0.00"}}, {"model": "menu.order", "pk": 8, "fields": {"user": 1, "cake_name": null, "flavor": "unknown", "image_url": "", "status": "pending", "order_type": "menu", "layers": null, "size": null, "reserved_date": null, "reserved_time": null, "created_at": "2026-04-30T07:00:10.331Z", "price": 0, "discount": "0.00"}}, {"model": "menu.order", "pk": 9, "fields": {"user": 1, "cake_name": null, "flavor": "unknown", "image_url": "", "status": "pending", "order_type": "menu", "layers": null, "size": null, "reserved_date": null, "reserved_time": null, "created_at": "2026-04-30T07:04:16.711Z", "price": 9600, "discount": "0.00"}}, {"model": "menu.order", "pk": 10, "fields": {"user": 1, "cake_name": null, "flavor": "unknown", "image_url": "", "status": "pending", "order_type": "menu", "layers": null, "size": null, "reserved_date": null, "reserved_time": null, "created_at": "2026-04-30T07:06:04.295Z", "price": 0, "discount": "0.00"}}, {"model": "menu.order", "pk": 11, "fields": {"user": 1, "cake_name": null, "flavor": "unknown", "image_url": "", "status": "pending", "order_type": "menu", "layers": null, "size": null, "reserved_date": null, "reserved_time": null, "created_at": "2026-04-30T07:09:30.905Z", "price": 9600, "discount": "0.00"}}, {"model": "menu.order", "pk": 12, "fields": {"user": 1, "cake_name": null, "flavor": "unknown", "image_url": "", "status": "pending", "order_type": "menu", "layers": null, "size": null, "reserved_date": null, "reserved_time": null, "created_at": "2026-04-30T07:09:50.302Z", "price": 12004, "discount": "0.00"}}, {"model": "menu.order", "pk": 13, "fields": {"user": 1, "cake_name": null, "flavor": "unknown", "image_url": "", "status": "pending", "order_type": "menu", "layers": null, "size": null, "reserved_date": null, "reserved_time": null, "created_at": "2026-04-30T07:10:09.552Z", "price": 14400, "discount": "0.00"}}, {"model": "menu.order", "pk": 14, "fields": {"user": 1, "cake_name": null, "flavor": "unknown", "image_url": "", "status": "pending", "order_type": "menu", "layers": null, "size": null, "reserved_date": null, "reserved_time": null, "created_at": "2026-04-30T07:20:42.291Z", "price": 19200, "discount": "0.00"}}, {"model": "menu.order", "pk": 15, "fields": {"user": 1, "cake_name": null, "flavor": "unknown", "image_url": "", "status": "pending", "order_type": "menu", "layers": null, "size": null, "reserved_date": null, "reserved_time": null, "created_at": "2026-04-30T07:34:12.095Z", "price": 9600, "discount": "0.00"}}, {"model": "menu.order", "pk": 16, "fields": {"user": 1, "cake_name": null, "flavor": "unknown", "image_url": "", "status": "pending", "order_type": "menu", "layers": null, "size": null, "reserved_date": null, "reserved_time": null, "created_at": "2026-04-30T07:34:41.653Z", "price": 1, "discount": "0.00"}}, {"model": "menu.order", "pk": 17, "fields": {"user": 1, "cake_name": null, "flavor": "unknown", "image_url": "", "status": "pending", "order_type": "menu", "layers": null, "size": null, "reserved_date": null, "reserved_time": null, "created_at": "2026-04-30T07:40:30.441Z", "price": 4800, "discount": "0.00"}}, {"model": "menu.order", "pk": 18, "fields": {"user": 1, "cake_name": null, "flavor": "unknown", "image_url": "", "status": "pending", "order_type": "menu", "layers": null, "size": null, "reserved_date": null, "reserved_time": null, "created_at": "2026-04-30T07:42:27.750Z", "price": 2400, "discount": "0.00"}}, {"model": "menu.order", "pk": 19, "fields": {"user": 1, "cake_name": null, "flavor": "unknown", "image_url": "", "status": "pending", "order_type": "menu", "layers": null, "size": null, "reserved_date": null, "reserved_time": null, "created_at": "2026-04-30T07:45:35.037Z", "price": 4800, "discount": "0.00"}}, {"model": "menu.order", "pk": 20, "fields": {"user": 1, "cake_name": "h", "flavor": "['strawberry', 'tiramisu']", "image_url": "https://picsum.photos/400", "status": "done", "order_type": "ai", "layers": 3, "size": 10, "reserved_date": "2026-05-02", "reserved_time": "09:00:00", "created_at": "2026-05-01T00:29:21.874Z", "price": 12500, "discount": "0.00"}}, {"model": "menu.order", "pk": 21, "fields": {"user": 1, "cake_name": null, "flavor": "unknown", "image_url": "", "status": "pending", "order_type": "menu", "layers": null, "size": null, "reserved_date": null, "reserved_time": null, "created_at": "2026-05-01T01:45:24.208Z", "price": 9604, "discount": "0.00"}}, {"model": "menu.order", "pk": 22, "fields": {"user": 1, "cake_name": null, "flavor": "unknown", "image_url": "", "status": "pending", "order_type": "menu", "layers": null, "size": null, "reserved_date": null, "reserved_time": null, "created_at": "2026-05-01T01:51:05.676Z", "price": 7200, "discount": "0.00"}}, {"model": "menu.order", "pk": 23, "fields": {"user": 1, "cake_name": null, "flavor": "unknown", "image_url": "", "status": "pending", "order_type": "menu", "layers": null, "size": null, "reserved_date": null, "reserved_time": null, "created_at": "2026-05-01T01:51:18.743Z", "price": 2400, "discount": "0.00"}}, {"model": "menu.order", "pk": 24, "fields": {"user": 1, "cake_name": null, "flavor": "unknown", "image_url": "", "status": "pending", "order_type": "menu", "layers": null, "size": null, "reserved_date": null, "reserved_time": null, "created_at": "2026-05-01T01:51:29.723Z", "price": 1, "discount": "0.00"}}, {"model": "menu.order", "pk": 25, "fields": {"user": 1, "cake_name": null, "flavor": "unknown", "image_url": "", "status": "pending", "order_type": "menu", "layers": null, "size": null, "reserved_date": null, "reserved_time": null, "created_at": "2026-05-01T01:51:43.925Z", "price": 2400, "discount": "0.00"}}, {"model": "menu.order", "pk": 26, "fields": {"user": 1, "cake_name": null, "flavor": "unknown", "image_url": "", "status": "pending", "order_type": "menu", "layers": null, "size": null, "reserved_date": null, "reserved_time": null, "created_at": "2026-05-01T01:52:09.970Z", "price": 1, "discount": "0.00"}}, {"model": "menu.order", "pk": 27, "fields": {"user": 1, "cake_name": null, "flavor": "unknown", "image_url": "", "status": "pending", "order_type": "menu", "layers": null, "size": null, "reserved_date": null, "reserved_time": null, "created_at": "2026-05-01T02:10:37.039Z", "price": 9600, "discount": "0.00"}}, {"model": "menu.order", "pk": 28, "fields": {"user": 1, "cake_name": null, "flavor": "unknown", "image_url": "", "status": "pending", "order_type": "menu", "layers": null, "size": null, "reserved_date": null, "reserved_time": null, "created_at": "2026-05-01T02:15:21.473Z", "price": 4800, "discount": "0.00"}}, {"model": "menu.order", "pk": 29, "fields": {"user": 1, "cake_name": null, "flavor": "unknown", "image_url": "", "status": "pending", "order_type": "menu", "layers": null, "size": null, "reserved_date": null, "reserved_time": null, "created_at": "2026-05-01T02:18:01.229Z", "price": 2401, "discount": "0.00"}}, {"model": "menu.order", "pk": 30, "fields": {"user": 1, "cake_name": null, "flavor": "unknown", "image_url": "", "status": "pending", "order_type": "menu", "layers": null, "size": null, "reserved_date": null, "reserved_time": null, "created_at": "2026-05-01T02:20:43.490Z", "price": 1920, "discount": "0.00"}}, {"model": "menu.order", "pk": 31, "fields": {"user": 1, "cake_name": null, "flavor": "unknown", "image_url": "", "status": "pending", "order_type": "menu", "layers": null, "size": null, "reserved_date": null, "reserved_time": null, "created_at": "2026-05-01T02:24:59.622Z", "price": 2160, "discount": "0.00"}}, {"model": "menu.order", "pk": 32, "fields": {"user": 1, "cake_name": null, "flavor": "unknown", "image_url": "", "status": "pending", "order_type": "menu", "layers": null, "size": null, "reserved_date": null, "reserved_time": null, "created_at": "2026-05-01T02:26:33.059Z", "price": 2160, "discount": "240.00"}}, {"model": "menu.order", "pk": 33, "fields": {"user": 2, "cake_name": null, "flavor": "unknown", "image_url": "", "status": "pending", "order_type": "menu", "layers": null, "size": null, "reserved_date": null, "reserved_time": null, "created_at": "2026-05-01T02:30:54.123Z", "price": 9600, "discount": "0.00"}}, {"model": "menu.order", "pk": 34, "fields": {"user": 2, "cake_name": null, "flavor": "unknown", "image_url": "", "status": "pending", "order_type": "menu", "layers": null, "size": null, "reserved_date": null, "reserved_time": null, "created_at": "2026-05-01T02:31:14.301Z", "price": 13440, "discount": "960.00"}}, {"model": "menu.order", "pk": 35, "fields": {"user": 2, "cake_name": null, "flavor": "unknown", "image_url": "", "status": "pending", "order_type": "menu", "layers": null, "size": null, "reserved_date": null, "reserved_time": null, "created_at": "2026-05-01T04:18:54.622Z", "price": 15456, "discount": "1344.00"}}, {"model": "menu.order", "pk": 36, "fields": {"user": 1, "cake_name": null, "flavor": "unknown", "image_url": "", "status": "pending", "order_type": "menu", "layers": null, "size": null, "reserved_date": null, "reserved_time": null, "created_at": "2026-05-01T04:51:23.148Z", "price": 14160, "discount": "240.00"}}, {"model": "menu.order", "pk": 37, "fields": {"user": 1, "cake_name": null, "flavor": "unknown", "image_url": "", "status": "pending", "order_type": "menu", "layers": null, "size": null, "reserved_date": null, "reserved_time": null, "created_at": "2026-05-01T05:04:37.471Z", "price": 2800, "discount": "0.00"}}, {"model": "menu.order", "pk": 38, "fields": {"user": 1, "cake_name": null, "flavor": "unknown", "image_url": "", "status": "pending", "order_type": "menu", "layers": null, "size": null, "reserved_date": null, "reserved_time": null, "created_at": "2026-05-01T05:05:16.154Z", "price": 14000, "discount": "0.00"}}, {"model": "menu.order", "pk": 39, "fields": {"user": 1, "cake_name": null, "flavor": "unknown", "image_url": "", "status": "pending", "order_type": "menu", "layers": null, "size": null, "reserved_date": null, "reserved_time": null, "created_at": "2026-05-01T05:05:27.472Z", "price": 2400, "discount": "0.00"}}, {"model": "menu.order", "pk": 40, "fields": {"user": 1, "cake_name": null, "flavor": "unknown", "image_url": "", "status": "pending", "order_type": "menu", "layers": null, "size": null, "reserved_date": null, "reserved_time": null, "created_at": "2026-05-01T05:07:30.394Z", "price": 14000, "discount": "0.00"}}, {"model": "menu.order", "pk": 41, "fields": {"user": 1, "cake_name": null, "flavor": "unknown", "image_url": "", "status": "pending", "order_type": "menu", "layers": null, "size": null, "reserved_date": null, "reserved_time": null, "created_at": "2026-05-01T05:09:17.642Z", "price": 14000, "discount": "0.00"}}, {"model": "menu.order", "pk": 42, "fields": {"user": 4, "cake_name": null, "flavor": "unknown", "image_url": "", "status": "pending", "order_type": "menu", "layers": null, "size": null, "reserved_date": null, "reserved_time": null, "created_at": "2026-05-01T05:10:08.194Z", "price": 2800, "discount": "0.00"}}, {"model": "menu.order", "pk": 43, "fields": {"user": 4, "cake_name": null, "flavor": "unknown", "image_url": "", "status": "pending", "order_type": "menu", "layers": null, "size": null, "reserved_date": null, "reserved_time": null, "created_at": "2026-05-01T05:11:49.382Z", "price": 2800, "discount": "0.00"}}, {"model": "menu.order", "pk": 44, "fields": {"user": 4, "cake_name": null, "flavor": "unknown", "image_url": "", "status": "pending", "order_type": "menu", "layers": null, "size": null, "reserved_date": null, "reserved_time": null, "created_at": "2026-05-01T05:12:30.142Z", "price": 8400, "discount": "0.00"}}, {"model": "menu.order", "pk": 45, "fields": {"user": 4, "cake_name": null, "flavor": "unknown", "image_url": "", "status": "pending", "order_type": "menu", "layers": null, "size": null, "reserved_date": null, "reserved_time": null, "created_at": "2026-05-01T05:15:17.732Z", "price": 2800, "discount": "0.00"}}, {"model": "menu.order", "pk": 46, "fields": {"user": 1, "cake_name": null, "flavor": "unknown", "image_url": "", "status": "pending", "order_type": "menu", "layers": null, "size": null, "reserved_date": null, "reserved_time": null, "created_at": "2026-05-01T05:15:59.603Z", "price": 11200, "discount": "0.00"}}, {"model": "menu.order", "pk": 47, "fields": {"user": 1, "cake_name": null, "flavor": "unknown", "image_url": "", "status": "pending", "order_type": "menu", "layers": null, "size": null, "reserved_date": null, "reserved_time": null, "created_at": "2026-05-01T05:25:01.120Z", "price": 5600, "discount": "0.00"}}, {"model": "menu.order", "pk": 48, "fields": {"user": 5, "cake_name": null, "flavor": "unknown", "image_url": "", "status": "pending", "order_type": "menu", "layers": null, "size": null, "reserved_date": null, "reserved_time": null, "created_at": "2026-05-01T05:28:17.087Z", "price": 5600, "discount": "0.00"}}, {"model": "menu.order", "pk": 49, "fields": {"user": 1, "cake_name": null, "flavor": "unknown", "image_url": "", "status": "pending", "order_type": "menu", "layers": null, "size": null, "reserved_date": null, "reserved_time": null, "created_at": "2026-05-01T06:24:47.056Z", "price": 2400, "discount": "0.00"}}, {"model": "menu.order", "pk": 50, "fields": {"user": 1, "cake_name": null, "flavor": "unknown", "image_url": "", "status": "pending", "order_type": "menu", "layers": null, "size": null, "reserved_date": null, "reserved_time": null, "created_at": "2026-05-01T06:25:00.330Z", "price": 2300, "discount": "0.00"}}, {"model": "menu.order", "pk": 51, "fields": {"user": 1, "cake_name": null, "flavor": "unknown", "image_url": "", "status": "pending", "order_type": "menu", "layers": null, "size": null, "reserved_date": null, "reserved_time": null, "created_at": "2026-05-01T06:28:50.299Z", "price": 12000, "discount": "0.00"}}, {"model": "menu.order", "pk": 52, "fields": {"user": 1, "cake_name": null, "flavor": "unknown", "image_url": "", "status": "pending", "order_type": "menu", "layers": null, "size": null, "reserved_date": null, "reserved_time": null, "created_at": "2026-05-01T06:32:04.144Z", "price": 3000, "discount": "0.00"}}, {"model": "menu.order", "pk": 53, "fields": {"user": 6, "cake_name": null, "flavor": "unknown", "image_url": "", "status": "pending", "order_type": "menu", "layers": null, "size": null, "reserved_date": null, "reserved_time": null, "created_at": "2026-05-01T06:47:34.397Z", "price": 2400, "discount": "0.00"}}, {"model": "menu.order", "pk": 54, "fields": {"user": 1, "cake_name": null, "flavor": "unknown", "image_url": "", "status": "pending", "order_type": "menu", "layers": null, "size": null, "reserved_date": null, "reserved_time": null, "created_at": "2026-05-01T07:27:57.788Z", "price": 53240, "discount": "560.00"}}, {"model": "menu.order", "pk": 55, "fields": {"user": 1, "cake_name": "h", "flavor": "['chocolate']", "image_url": "https://picsum.photos/400", "status": "done", "order_type": "menu", "layers": 3, "size": 10, "reserved_date": "2026-05-02", "reserved_time": "09:00:00", "created_at": "2026-05-01T07:41:25.034Z", "price": 0, "discount": "0.00"}}, {"model": "menu.order", "pk": 56, "fields": {"user": 1, "cake_name": "", "flavor": "['tiramisu']", "image_url": "https://picsum.photos/400", "status": "done", "order_type": "menu", "layers": 1, "size": 6, "reserved_date": "2026-05-08", "reserved_time": "09:00:00", "created_at": "2026-05-01T08:04:04.216Z", "price": 4200, "discount": "0.00"}}, {"model": "menu.order", "pk": 57, "fields": {"user": 1, "cake_name": null, "flavor": "unknown", "image_url": "", "status": "pending", "order_type": "menu", "layers": null, "size": null, "reserved_date": null, "reserved_time": null, "created_at": "2026-05-07T02:37:00.560Z", "price": 6370, "discount": "230.00"}}, {"model": "menu.order", "pk": 58, "fields": {"user": 1, "cake_name": "哈哈哈", "flavor": "['chocolate', 'cheese']", "image_url": "https://picsum.photos/400", "status": "done", "order_type": "menu", "layers": 1, "size": 6, "reserved_date": "2026-05-14", "reserved_time": "09:00:00", "created_at": "2026-05-07T02:37:14.148Z", "price": 0, "discount": "0.00"}}, {"model": "menu.order", "pk": 59, "fields": {"user": 1, "cake_name": null, "flavor": "unknown", "image_url": "", "status": "pending", "order_type": "menu", "layers": null, "size": null, "reserved_date": null, "reserved_time": null, "created_at": "2026-05-07T02:55:54.612Z", "price": 5876, "discount": "5324.00"}}, {"model": "menu.order", "pk": 60, "fields": {"user": 1, "cake_name": null, "flavor": "unknown", "image_url": "", "status": "pending", "order_type": "menu", "layers": null, "size": null, "reserved_date": null, "reserved_time": null, "created_at": "2026-05-07T02:56:36.295Z", "price": 13813, "discount": "587.00"}}, {"model": "menu.order", "pk": 61, "fields": {"user": 1, "cake_name": "哈哈哈", "flavor": "['chocolate', 'strawberry']", "image_url": "https://picsum.photos/400", "status": "done", "order_type": "menu", "layers": 1, "size": 6, "reserved_date": "2026-05-08", "reserved_time": "16:00:00", "created_at": "2026-05-07T04:18:06.532Z", "price": 0, "discount": "0.00"}}, {"model": "menu.order", "pk": 62, "fields": {"user": 1, "cake_name": "h", "flavor": "['chocolate']", "image_url": "https://picsum.photos/400", "status": "done", "order_type": "menu", "layers": 1, "size": 6, "reserved_date": "2026-05-14", "reserved_time": "09:00:00", "created_at": "2026-05-07T04:19:44.735Z", "price": 0, "discount": "0.00"}}, {"model": "menu.order", "pk": 63, "fields": {"user": 1, "cake_name": "", "flavor": "['strawberry']", "image_url": "https://picsum.photos/400", "status": "done", "order_type": "menu", "layers": 1, "size": 6, "reserved_date": "2026-05-14", "reserved_time": "09:00:00", "created_at": "2026-05-07T04:26:04.224Z", "price": 0, "discount": "0.00"}}, {"model": "menu.order", "pk": 64, "fields": {"user": 1, "cake_name": "", "flavor": "['strawberry']", "image_url": "https://picsum.photos/400", "status": "done", "order_type": "menu", "layers": 1, "size": 6, "reserved_date": "2026-05-14", "reserved_time": "09:00:00", "created_at": "2026-05-07T04:27:06.958Z", "price": 0, "discount": "0.00"}}, {"model": "menu.order", "pk": 65, "fields": {"user": 1, "cake_name": "1", "flavor": "['chocolate']", "image_url": "https://picsum.photos/400", "status": "done", "order_type": "menu", "layers": 3, "size": 10, "reserved_date": "2026-05-08", "reserved_time": "18:00:00", "created_at": "2026-05-07T04:32:35.900Z", "price": 0, "discount": "0.00"}}, {"model": "menu.order", "pk": 66, "fields": {"user": 1, "cake_name": "", "flavor": "['strawberry']", "image_url": "https://picsum.photos/400", "status": "done", "order_type": "menu", "layers": 1, "size": 6, "reserved_date": "2026-05-14", "reserved_time": "09:00:00", "created_at": "2026-05-07T04:36:17.749Z", "price": 0, "discount": "0.00"}}, {"model": "menu.order", "pk": 67, "fields": {"user": 4, "cake_name": null, "flavor": "unknown", "image_url": "", "status": "pending", "order_type": "menu", "layers": null, "size": null, "reserved_date": null, "reserved_time": null, "created_at": "2026-05-07T04:37:02.499Z", "price": 4200, "discount": "0.00"}}, {"model": "menu.order", "pk": 68, "fields": {"user": 4, "cake_name": null, "flavor": "unknown", "image_url": "", "status": "pending", "order_type": "menu", "layers": null, "size": null, "reserved_date": null, "reserved_time": null, "created_at": "2026-05-07T04:43:30.609Z", "price": 3780, "discount": "420.00"}}, {"model": "menu.order", "pk": 69, "fields": {"user": 4, "cake_name": "h", "flavor": "['chocolate', 'strawberry']", "image_url": "https://picsum.photos/400", "status": "done", "order_type": "menu", "layers": 3, "size": 10, "reserved_date": "2026-05-14", "reserved_time": "09:00:00", "created_at": "2026-05-07T04:43:46.672Z", "price": 0, "discount": "0.00"}}, {"model": "menu.order", "pk": 70, "fields": {"user": 4, "cake_name": "", "flavor": "['strawberry']", "image_url": "https://picsum.photos/400", "status": "done", "order_type": "menu", "layers": 1, "size": 6, "reserved_date": "2026-05-14", "reserved_time": "09:00:00", "created_at": "2026-05-07T04:45:21.088Z", "price": 0, "discount": "0.00"}}, {"model": "menu.order", "pk": 71, "fields": {"user": 4, "cake_name": "", "flavor": "['strawberry']", "image_url": "https://picsum.photos/400", "status": "done", "order_type": "menu", "layers": 1, "size": 6, "reserved_date": "2026-05-14", "reserved_time": "09:00:00", "created_at": "2026-05-07T04:45:23.082Z", "price": 0, "discount": "0.00"}}, {"model": "menu.order", "pk": 72, "fields": {"user": 4, "cake_name": "", "flavor": "['strawberry']", "image_url": "https://picsum.photos/400", "status": "done", "order_type": "menu", "layers": 1, "size": 6, "reserved_date": "2026-05-14", "reserved_time": "09:00:00", "created_at": "2026-05-07T04:45:23.411Z", "price": 0, "discount": "0.00"}}, {"model": "menu.order", "pk": 73, "fields": {"user": 4, "cake_name": "", "flavor": "['strawberry']", "image_url": "https://picsum.photos/400", "status": "done", "order_type": "menu", "layers": 1, "size": 6, "reserved_date": "2026-05-14", "reserved_time": "09:00:00", "created_at": "2026-05-07T04:45:25.399Z", "price": 0, "discount": "0.00"}}, {"model": "menu.order", "pk": 74, "fields": {"user": 4, "cake_name": "", "flavor": "['strawberry']", "image_url": "https://picsum.photos/400", "status": "done", "order_type": "menu", "layers": 1, "size": 6, "reserved_date": "2026-05-14", "reserved_time": "09:00:00", "created_at": "2026-05-07T04:45:25.692Z", "price": 0, "discount": "0.00"}}, {"model": "menu.order", "pk": 75, "fields": {"user": 4, "cake_name": "", "flavor": "['strawberry']", "image_url": "https://picsum.photos/400", "status": "done", "order_type": "menu", "layers": 1, "size": 6, "reserved_date": "2026-05-14", "reserved_time": "09:00:00", "created_at": "2026-05-07T04:45:25.862Z", "price": 0, "discount": "0.00"}}, {"model": "menu.order", "pk": 76, "fields": {"user": 4, "cake_name": "", "flavor": "['strawberry']", "image_url": "https://picsum.photos/400", "status": "done", "order_type": "menu", "layers": 1, "size": 6, "reserved_date": "2026-05-14", "reserved_time": "09:00:00", "created_at": "2026-05-07T04:45:26.012Z", "price": 0, "discount": "0.00"}}, {"model": "menu.order", "pk": 77, "fields": {"user": 4, "cake_name": "", "flavor": "['strawberry']", "image_url": "https://picsum.photos/400", "status": "done", "order_type": "menu", "layers": 1, "size": 6, "reserved_date": "2026-05-14", "reserved_time": "09:00:00", "created_at": "2026-05-07T04:45:26.176Z", "price": 0, "discount": "0.00"}}, {"model": "menu.order", "pk": 78, "fields": {"user": 4, "cake_name": "", "flavor": "['strawberry']", "image_url": "https://picsum.photos/400", "status": "done", "order_type": "menu", "layers": 1, "size": 6, "reserved_date": "2026-05-14", "reserved_time": "09:00:00", "created_at": "2026-05-07T04:45:26.351Z", "price": 0, "discount": "0.00"}}, {"model": "menu.order", "pk": 79, "fields": {"user": 4, "cake_name": "", "flavor": "['strawberry']", "image_url": "https://picsum.photos/400", "status": "done", "order_type": "menu", "layers": 1, "size": 6, "reserved_date": "2026-05-14", "reserved_time": "09:00:00", "created_at": "2026-05-07T04:45:30.124Z", "price": 0, "discount": "0.00"}}, {"model": "menu.order", "pk": 80, "fields": {"user": 4, "cake_name": "", "flavor": "['strawberry']", "image_url": "https://picsum.photos/400", "status": "done", "order_type": "menu", "layers": 1, "size": 6, "reserved_date": "2026-05-14", "reserved_time": "09:00:00", "created_at": "2026-05-07T04:47:02.118Z", "price": 0, "discount": "0.00"}}, {"model": "menu.order", "pk": 81, "fields": {"user": 4, "cake_name": "", "flavor": "['strawberry']", "image_url": "https://picsum.photos/400", "status": "done", "order_type": "menu", "layers": 1, "size": 6, "reserved_date": "2026-05-14", "reserved_time": "09:00:00", "created_at": "2026-05-07T04:47:03.238Z", "price": 0, "discount": "0.00"}}, {"model": "menu.order", "pk": 82, "fields": {"user": 4, "cake_name": "", "flavor": "['strawberry']", "image_url": "https://picsum.photos/400", "status": "done", "order_type": "menu", "layers": 1, "size": 6, "reserved_date": "2026-05-14", "reserved_time": "09:00:00", "created_at": "2026-05-07T04:47:26.894Z", "price": 0, "discount": "0.00"}}, {"model": "menu.order", "pk": 83, "fields": {"user": 4, "cake_name": "", "flavor": "['strawberry']", "image_url": "https://picsum.photos/400", "status": "done", "order_type": "menu", "layers": 1, "size": 6, "reserved_date": "2026-05-14", "reserved_time": "09:00:00", "created_at": "2026-05-07T04:48:46.337Z", "price": 0, "discount": "0.00"}}, {"model": "menu.order", "pk": 84, "fields": {"user": 4, "cake_name": "", "flavor": "['strawberry']", "image_url": "https://picsum.photos/400", "status": "done", "order_type": "menu", "layers": 1, "size": 6, "reserved_date": "2026-05-14", "reserved_time": "09:00:00", "created_at": "2026-05-07T04:48:47.666Z", "price": 0, "discount": "0.00"}}, {"model": "menu.order", "pk": 85, "fields": {"user": 4, "cake_name": "", "flavor": "['strawberry']", "image_url": "https://picsum.photos/400", "status": "done", "order_type": "menu", "layers": 1, "size": 6, "reserved_date": "2026-05-14", "reserved_time": "09:00:00", "created_at": "2026-05-07T04:48:48.800Z", "price": 0, "discount": "0.00"}}, {"model": "menu.order", "pk": 86, "fields": {"user": 4, "cake_name": "", "flavor": "['strawberry']", "image_url": "https://picsum.photos/400", "status": "done", "order_type": "menu", "layers": 1, "size": 6, "reserved_date": "2026-05-14", "reserved_time": "09:00:00", "created_at": "2026-05-07T04:48:49.171Z", "price": 0, "discount": "0.00"}}, {"model": "menu.order", "pk": 87, "fields": {"user": 4, "cake_name": "", "flavor": "['strawberry']", "image_url": "https://picsum.photos/400", "status": "done", "order_type": "menu", "layers": 1, "size": 6, "reserved_date": "2026-05-14", "reserved_time": "09:00:00", "created_at": "2026-05-07T04:53:17.754Z", "price": 0, "discount": "0.00"}}, {"model": "menu.order", "pk": 88, "fields": {"user": 4, "cake_name": "", "flavor": "['tiramisu']", "image_url": "https://picsum.photos/400", "status": "done", "order_type": "menu", "layers": 1, "size": 6, "reserved_date": "2026-05-14", "reserved_time": "09:00:00", "created_at": "2026-05-07T04:54:52.082Z", "price": 2500, "discount": "0.00"}}, {"model": "menu.order", "pk": 89, "fields": {"user": 4, "cake_name": null, "flavor": "unknown", "image_url": "", "status": "pending", "order_type": "menu", "layers": null, "size": null, "reserved_date": null, "reserved_time": null, "created_at": "2026-05-07T04:55:10.911Z", "price": 6920, "discount": "280.00"}}, {"model": "menu.order", "pk": 90, "fields": {"user": 4, "cake_name": null, "flavor": "unknown", "image_url": "", "status": "pending", "order_type": "menu", "layers": null, "size": null, "reserved_date": null, "reserved_time": null, "created_at": "2026-05-07T04:58:01.169Z", "price": 14400, "discount": "0.00"}}, {"model": "menu.order", "pk": 91, "fields": {"user": 4, "cake_name": "", "flavor": "['strawberry']", "image_url": "https://picsum.photos/400", "status": "done", "order_type": "ai", "layers": 1, "size": 6, "reserved_date": "2026-05-14", "reserved_time": "09:00:00", "created_at": "2026-05-07T04:58:09.862Z", "price": 2500, "discount": "0.00"}}, {"model": "menu.order", "pk": 92, "fields": {"user": 4, "cake_name": null, "flavor": "unknown", "image_url": "", "status": "pending", "order_type": "menu", "layers": null, "size": null, "reserved_date": null, "reserved_time": null, "created_at": "2026-05-07T04:59:38.977Z", "price": 2160, "discount": "840.00"}}, {"model": "menu.order", "pk": 93, "fields": {"user": 4, "cake_name": null, "flavor": "unknown", "image_url": "", "status": "pending", "order_type": "menu", "layers": null, "size": null, "reserved_date": null, "reserved_time": null, "created_at": "2026-05-07T05:00:01.224Z", "price": 2800, "discount": "0.00"}}, {"model": "menu.order", "pk": 94, "fields": {"user": 4, "cake_name": "", "flavor": "['strawberry', 'tiramisu']", "image_url": "https://picsum.photos/400", "status": "done", "order_type": "ai", "layers": 3, "size": 6, "reserved_date": "2026-05-08", "reserved_time": "09:00:00", "created_at": "2026-05-07T05:00:26.083Z", "price": 11500, "discount": "0.00"}}, {"model": "menu.order", "pk": 95, "fields": {"user": 4, "cake_name": "['chocolate', 'strawberry']", "flavor": "['chocolate', 'strawberry']", "image_url": "https://replicate.delivery/xezq/FK3nYZ0xAu5bGBQHui0PVC0ILcCCstgPDH6I7frGSB5PgORLA/out-0.png", "status": "done", "order_type": "ai", "layers": 2, "size": 10, "reserved_date": null, "reserved_time": null, "created_at": "2026-05-07T05:07:44.042Z", "price": 0, "discount": "0.00"}}, {"model": "menu.order", "pk": 96, "fields": {"user": 4, "cake_name": "HB", "flavor": "['chocolate', 'strawberry']", "image_url": "https://replicate.delivery/xezq/FK3nYZ0xAu5bGBQHui0PVC0ILcCCstgPDH6I7frGSB5PgORLA/out-0.png", "status": "done", "order_type": "ai", "layers": 2, "size": 10, "reserved_date": "2026-05-14", "reserved_time": "18:00:00", "created_at": "2026-05-07T05:07:48.137Z", "price": 5500, "discount": "0.00"}}, {"model": "menu.order", "pk": 97, "fields": {"user": 4, "cake_name": "HB1", "flavor": "['chocolate']", "image_url": "https://replicate.delivery/xezq/y5Zll0fPEMSfiEy4ib141XE8zu2M9IBnJkceV9io9AUdI6EtA/out-0.png", "status": "done", "order_type": "ai", "layers": 1, "size": 6, "reserved_date": "2026-05-14", "reserved_time": "09:00:00", "created_at": "2026-05-07T05:11:52.953Z", "price": 2500, "discount": "0.00"}}, {"model": "menu.order", "pk": 98, "fields": {"user": 7, "cake_name": null, "flavor": "unknown", "image_url": "", "status": "pending", "order_type": "menu", "layers": null, "size": null, "reserved_date": null, "reserved_time": null, "created_at": "2026-05-07T05:40:55.361Z", "price": 18000, "discount": "0.00"}}, {"model": "menu.order", "pk": 99, "fields": {"user": 7, "cake_name": null, "flavor": "unknown", "image_url": "", "status": "pending", "order_type": "menu", "layers": null, "size": null, "reserved_date": null, "reserved_time": null, "created_at": "2026-05-07T05:46:51.202Z", "price": 4200, "discount": "0.00"}}, {"model": "menu.order", "pk": 100, "fields": {"user": 4, "cake_name": null, "flavor": "unknown", "image_url": "", "status": "pending", "order_type": "menu", "layers": null, "size": null, "reserved_date": null, "reserved_time": null, "created_at": "2026-05-07T06:07:47.650Z", "price": 9600, "discount": "0.00"}}, {"model": "menu.order", "pk": 101, "fields": {"user": 4, "cake_name": null, "flavor": "unknown", "image_url": "", "status": "pending", "order_type": "menu", "layers": null, "size": null, "reserved_date": null, "reserved_time": null, "created_at": "2026-05-07T06:09:18.897Z", "price": 2120, "discount": "280.00"}}, {"model": "menu.order", "pk": 102, "fields": {"user": 4, "cake_name": null, "flavor": "unknown", "image_url": "", "status": "pending", "order_type": "menu", "layers": null, "size": null, "reserved_date": null, "reserved_time": null, "created_at": "2026-05-07T06:09:35.473Z", "price": 5600, "discount": "0.00"}}, {"model": "menu.order", "pk": 103, "fields": {"user": 7, "cake_name": null, "flavor": "unknown", "image_url": "", "status": "pending", "order_type": "menu", "layers": null, "size": null, "reserved_date": null, "reserved_time": null, "created_at": "2026-05-07T06:48:32.635Z", "price": 3800, "discount": "1800.00"}}, {"model": "menu.order", "pk": 104, "fields": {"user": 8, "cake_name": null, "flavor": "unknown", "image_url": "", "status": "pending", "order_type": "menu", "layers": null, "size": null, "reserved_date": null, "reserved_time": null, "created_at": "2026-05-07T07:02:52.525Z", "price": 2800, "discount": "0.00"}}, {"model": "menu.order", "pk": 105, "fields": {"user": 1, "cake_name": "HBCAKE", "flavor": "['chocolate', 'strawberry']", "image_url": "https://replicate.delivery/xezq/OGGS9eACxE2WJSXePD9h36202Jz9eDswHzh7eBtWCf1rTfnoF/out-0.png", "status": "done", "order_type": "ai", "layers": 3, "size": 10, "reserved_date": "2026-05-08", "reserved_time": "14:30:00", "created_at": "2026-05-07T08:26:10.736Z", "price": 12500, "discount": "0.00"}}, {"model": "menu.order", "pk": 106, "fields": {"user": 1, "cake_name": "HBCAKE2", "flavor": "['cheese', 'tiramisu']", "image_url": "https://replicate.delivery/xezq/fAOV0Rp0g4WoBS8og1fIxEdaI6SKfWgXNDQek6amNlX3xfT0C/out-0.png", "status": "done", "order_type": "ai", "layers": 1, "size": 6, "reserved_date": "2026-05-14", "reserved_time": "09:00:00", "created_at": "2026-05-07T08:28:18.194Z", "price": 3500, "discount": "0.00"}}, {"model": "menu.order", "pk": 107, "fields": {"user": 1, "cake_name": "HBCAKE3", "flavor": "['chocolate']", "image_url": "https://replicate.delivery/xezq/bCLpEx0wvLZbHVdVGWKoW8ljEFB29kygvmdAVBhihd53fPRLA/out-0.png", "status": "done", "order_type": "ai", "layers": 1, "size": 6, "reserved_date": "2026-05-14", "reserved_time": "09:00:00", "created_at": "2026-05-07T08:31:30.788Z", "price": 2500, "discount": "0.00"}}, {"model": "menu.order", "pk": 108, "fields": {"user": 1, "cake_name": "", "flavor": "['tiramisu']", "image_url": "https://replicate.delivery/xezq/bKxEGjmtRCLtMVCuJVljFk3Kt57Z4EdJUmLCYJeYkRd8AQRLA/out-0.png", "status": "done", "order_type": "ai", "layers": 1, "size": 6, "reserved_date": "2026-05-14", "reserved_time": "09:00:00", "created_at": "2026-05-07T08:34:04.290Z", "price": 2500, "discount": "0.00"}}, {"model": "menu.aiorder", "pk": 1, "fields": {"order": 2, "prompt": "", "ai_model": "unknown", "result_image": "https://picsum.photos/400"}}, {"model": "menu.aiorder", "pk": 2, "fields": {"order": 4, "prompt": "", "ai_model": "unknown", "result_image": "https://picsum.photos/400"}}, {"model": "menu.aiorder", "pk": 3, "fields": {"order": 5, "prompt": "", "ai_model": "unknown", "result_image": "https://picsum.photos/400"}}, {"model": "menu.aiorder", "pk": 4, "fields": {"order": 6, "prompt": "", "ai_model": "unknown", "result_image": "https://picsum.photos/400"}}, {"model": "menu.aiorder", "pk": 5, "fields": {"order": 20, "prompt": "", "ai_model": "unknown", "result_image": "https://picsum.photos/400"}}, {"model": "menu.aiorder", "pk": 6, "fields": {"order": 55, "prompt": "", "ai_model": "unknown", "result_image": "https://picsum.photos/400"}}, {"model": "menu.aiorder", "pk": 7, "fields": {"order": 56, "prompt": "", "ai_model": "unknown", "result_image": "https://picsum.photos/400"}}, {"model": "menu.aiorder", "pk": 8, "fields": {"order": 58, "prompt": "", "ai_model": "unknown", "result_image": "https://picsum.photos/400"}}, {"model": "menu.aiorder", "pk": 9, "fields": {"order": 61, "prompt": "", "ai_model": "unknown", "result_image": "https://picsum.photos/400"}}, {"model": "menu.aiorder", "pk": 10, "fields": {"order": 62, "prompt": "", "ai_model": "unknown", "result_image": "https://picsum.photos/400"}}, {"model": "menu.aiorder", "pk": 11, "fields": {"order": 63, "prompt": "", "ai_model": "unknown", "result_image": "https://picsum.photos/400"}}, {"model": "menu.aiorder", "pk": 12, "fields": {"order": 64, "prompt": "", "ai_model": "unknown", "result_image": "https://picsum.photos/400"}}, {"model": "menu.aiorder", "pk": 13, "fields": {"order": 65, "prompt": "", "ai_model": "unknown", "result_image": "https://picsum.photos/400"}}, {"model": "menu.aiorder", "pk": 14, "fields": {"order": 66, "prompt": "", "ai_model": "unknown", "result_image": "https://picsum.photos/400"}}, {"model": "menu.aiorder", "pk": 15, "fields": {"order": 82, "prompt": "", "ai_model": "unknown", "result_image": "https://picsum.photos/400"}}, {"model": "menu.aiorder", "pk": 16, "fields": {"order": 87, "prompt": "", "ai_model": "unknown", "result_image": "https://picsum.photos/400"}}, {"model": "menu.aiorder", "pk": 17, "fields": {"order": 88, "prompt": "", "ai_model": "unknown", "result_image": "https://picsum.photos/400"}}, {"model": "menu.aiorder", "pk": 18, "fields": {"order": 91, "prompt": "", "ai_model": "unknown", "result_image": "https://picsum.photos/400"}}, {"model": "menu.aiorder", "pk": 19, "fields": {"order": 94, "prompt": "", "ai_model": "unknown", "result_image": "https://picsum.photos/400"}}, {"model": "menu.aiorder", "pk": 20, "fields": {"order": 95, "prompt": "\n        cute cartoon cake illustration, kawaii style,\n        pastel colors, soft lighting, dreamy bakery,\n        3D cartoon style, children's book illustration,\n        ['chocolate', 'strawberry'] cake, 2 layers, 10,\n        NOT realistic, NOT photo\n        ", "ai_model": "replicate", "result_image": "https://replicate.delivery/xezq/FK3nYZ0xAu5bGBQHui0PVC0ILcCCstgPDH6I7frGSB5PgORLA/out-0.png"}}, {"model": "menu.aiorder", "pk": 21, "fields": {"order": 96, "prompt": "", "ai_model": "unknown", "result_image": "https://replicate.delivery/xezq/FK3nYZ0xAu5bGBQHui0PVC0ILcCCstgPDH6I7frGSB5PgORLA/out-0.png"}}, {"model": "menu.aiorder", "pk": 22, "fields": {"order": 97, "prompt": "", "ai_model": "unknown", "result_image": "https://replicate.delivery/xezq/y5Zll0fPEMSfiEy4ib141XE8zu2M9IBnJkceV9io9AUdI6EtA/out-0.png"}}, {"model": "menu.aiorder", "pk": 23, "fields": {"order": 105, "prompt": "", "ai_model": "unknown", "result_image": "https://replicate.delivery/xezq/OGGS9eACxE2WJSXePD9h36202Jz9eDswHzh7eBtWCf1rTfnoF/out-0.png"}}, {"model": "menu.aiorder", "pk": 24, "fields": {"order": 106, "prompt": "", "ai_model": "unknown", "result_image": "https://replicate.delivery/xezq/fAOV0Rp0g4WoBS8og1fIxEdaI6SKfWgXNDQek6amNlX3xfT0C/out-0.png"}}, {"model": "menu.aiorder", "pk": 25, "fields": {"order": 107, "prompt": "", "ai_model": "unknown", "result_image": "https://replicate.delivery/xezq/bCLpEx0wvLZbHVdVGWKoW8ljEFB29kygvmdAVBhihd53fPRLA/out-0.png"}}, {"model": "menu.aiorder", "pk": 26, "fields": {"order": 108, "prompt": "", "ai_model": "unknown", "result_image": "https://replicate.delivery/xezq/bKxEGjmtRCLtMVCuJVljFk3Kt57Z4EdJUmLCYJeYkRd8AQRLA/out-0.png"}}, {"model": "menu.orderitem", "pk": 35, "fields": {"order": 36, "menu": 3, "quantity": 6}}, {"model": "menu.orderitem", "pk": 36, "fields": {"order": 37, "menu": 6, "quantity": 1}}, {"model": "menu.orderitem", "pk": 37, "fields": {"order": 38, "menu": 6, "quantity": 5}}, {"model": "menu.orderitem", "pk": 38, "fields": {"order": 39, "menu": 7, "quantity": 1}}, {"model": "menu.orderitem", "pk": 39, "fields": {"order": 40, "menu": 6, "quantity": 5}}, {"model": "menu.orderitem", "pk": 40, "fields": {"order": 41, "menu": 6, "quantity": 5}}, {"model": "menu.orderitem", "pk": 41, "fields": {"order": 42, "menu": 6, "quantity": 1}}, {"model": "menu.orderitem", "pk": 42, "fields": {"order": 43, "menu": 6, "quantity": 1}}, {"model": "menu.orderitem", "pk": 43, "fields": {"order": 44, "menu": 6, "quantity": 3}}, {"model": "menu.orderitem", "pk": 44, "fields": {"order": 45, "menu": 6, "quantity": 1}}, {"model": "menu.orderitem", "pk": 45, "fields": {"order": 46, "menu": 6, "quantity": 4}}, {"model": "menu.orderitem", "pk": 46, "fields": {"order": 47, "menu": 8, "quantity": 1}}, {"model": "menu.orderitem", "pk": 47, "fields": {"order": 48, "menu": 8, "quantity": 1}}, {"model": "menu.orderitem", "pk": 48, "fields": {"order": 49, "menu": 5, "quantity": 1}}, {"model": "menu.orderitem", "pk": 49, "fields": {"order": 50, "menu": 9, "quantity": 1}}, {"model": "menu.orderitem", "pk": 50, "fields": {"order": 51, "menu": 5, "quantity": 4}}, {"model": "menu.orderitem", "pk": 51, "fields": {"order": 51, "menu": 7, "quantity": 1}}, {"model": "menu.orderitem", "pk": 52, "fields": {"order": 52, "menu": 10, "quantity": 1}}, {"model": "menu.orderitem", "pk": 53, "fields": {"order": 53, "menu": 3, "quantity": 1}}, {"model": "menu.orderitem", "pk": 54, "fields": {"order": 54, "menu": 10, "quantity": 9}}, {"model": "menu.orderitem", "pk": 55, "fields": {"order": 54, "menu": 3, "quantity": 10}}, {"model": "menu.orderitem", "pk": 56, "fields": {"order": 54, "menu": 6, "quantity": 1}}, {"model": "menu.orderitem", "pk": 57, "fields": {"order": 56, "menu": 4, "quantity": 1}}, {"model": "menu.orderitem", "pk": 58, "fields": {"order": 57, "menu": 4, "quantity": 1}}, {"model": "menu.orderitem", "pk": 59, "fields": {"order": 57, "menu": 7, "quantity": 1}}, {"model": "menu.orderitem", "pk": 60, "fields": {"order": 59, "menu": 6, "quantity": 4}}, {"model": "menu.orderitem", "pk": 61, "fields": {"order": 60, "menu": 5, "quantity": 6}}, {"model": "menu.orderitem", "pk": 62, "fields": {"order": 67, "menu": 4, "quantity": 1}}, {"model": "menu.orderitem", "pk": 63, "fields": {"order": 68, "menu": 4, "quantity": 1}}, {"model": "menu.orderitem", "pk": 64, "fields": {"order": 89, "menu": 3, "quantity": 3}}, {"model": "menu.orderitem", "pk": 65, "fields": {"order": 90, "menu": 3, "quantity": 6}}, {"model": "menu.orderitem", "pk": 66, "fields": {"order": 92, "menu": 10, "quantity": 1}}, {"model": "menu.orderitem", "pk": 67, "fields": {"order": 93, "menu": 6, "quantity": 1}}, {"model": "menu.orderitem", "pk": 68, "fields": {"order": 98, "menu": 5, "quantity": 4}}, {"model": "menu.orderitem", "pk": 69, "fields": {"order": 98, "menu": 6, "quantity": 3}}, {"model": "menu.orderitem", "pk": 70, "fields": {"order": 99, "menu": 4, "quantity": 1}}, {"model": "menu.orderitem", "pk": 71, "fields": {"order": 100, "menu": 3, "quantity": 4}}, {"model": "menu.orderitem", "pk": 72, "fields": {"order": 101, "menu": 7, "quantity": 1}}, {"model": "menu.orderitem", "pk": 73, "fields": {"order": 102, "menu": 8, "quantity": 1}}, {"model": "menu.orderitem", "pk": 74, "fields": {"order": 103, "menu": 8, "quantity": 1}}, {"model": "menu.orderitem", "pk": 75, "fields": {"order": 104, "menu": 6, "quantity": 1}}, {"model": "menu.flavor", "pk": 1, "fields": {"name": "chocolate"}}, {"model": "menu.flavor", "pk": 2, "fields": {"name": "stawberry"}}, {"model": "menu.flavor", "pk": 3, "fields": {"name": "cheese"}}, {"model": "menu.flavor", "pk": 4, "fields": {"name": "fruits"}}, {"model": "menu.flavor", "pk": 5, "fields": {"name": "cream"}}, {"model": "menu.flavor", "pk": 6, "fields": {"name": "cherry"}}, {"model": "menu.flavor", "pk": 7, "fields": {"name": "nuts"}}, {"model": "menu.flavor", "pk": 8, "fields": {"name": "blueberry"}}, {"model": "menu.flavor", "pk": 9, "fields": {"name": "milk chocolate"}}, {"model": "menu.flavor", "pk": 10, "fields": {"name": "dark chocolate"}}, {"model": "menu.flavor", "pk": 11, "fields": {"name": "bitter"}}, {"model": "menu.flavor", "pk": 12, "fields": {"name": "coffee"}}, {"model": "menu.flavor", "pk": 13, "fields": {"name": "orange"}}, {"model": "menu.flavor", "pk": 14, "fields": {"name": "tiramisu"}}, {"model": "menu.flavor", "pk": 15, "fields": {"name": "rasberry"}}, {"model": "menu.flavor", "pk": 16, "fields": {"name": "lemon"}}, {"model": "menu.flavor", "pk": 17, "fields": {"name": "matca"}}, {"model": "menu.flavor", "pk": 18, "fields": {"name": "phukim"}}, {"model": "menu.flavor", "pk": 19, "fields": {"name": "blueberry"}}, {"model": "menu.flavor", "pk": 20, "fields": {"name": "cherry"}}, {"model": "menu.flavor", "pk": 21, "fields": {"name": "cameral"}}, {"model": "menu.flavor", "pk": 22, "fields": {"name": "carrot"}}, {"model": "menu.flavor", "pk": 23, "fields": {"name": "cookies"}}, {"model": "menu.menu", "pk": 3, "fields": {"name": "チョコレートケーキ", "description": "みんな大好き♡定番のチョコレートケーキ！\r\nコクのあるチョコレートをたっぷり使って、ふわふわでしっとりとした食感に焼き上げました。\r\n\r\nひとくち食べれば、やさしい甘さとチョコの香りがふわっと広がって、ほっと幸せな気分に…♪\r\nシンプルだけど飽きのこない、いつでも食べたくなる定番スイーツです♡", "price": "2400.00", "image": "menu_images/image_23.png", "tags": "CAKE", "flavors": [1]}}, {"model": "menu.menu", "pk": 4, "fields": {"name": "3種チョコレートケーキ", "description": "チョコ好きさん大満足♡夢のトリプルチョコケーキ！\r\nビター・ミルク・ホワイト、3種類のチョコレートを贅沢に重ねた、特別な濃厚スイーツです。\r\n\r\nひとくち食べれば、それぞれのチョコの個性がとろけ合って、深いコクとやさしい甘さがふわっと広がります…♪\r\nひとつで3倍しあわせになれる、チョコ尽くしのご褒美ケーキです♡", "price": "4200.00", "image": "menu_images/image_21_nDuDetX.png", "tags": "CAKE", "flavors": [1]}}, {"model": "menu.menu", "pk": 5, "fields": {"name": "ふわふわチーズクリームケーキ", "description": "んわりやさしい甘さにほっとする♡\r\nなめらかなチーズクリームをたっぷり使って、しっとりふわふわのスポンジと一緒にやさしく仕上げました。\r\n\r\nひとくち食べれば、ミルキーなコクと軽やかな口どけが広がって、思わずにっこり…♪\r\n重すぎない優しい味わいで、毎日でも食べたくなる癒しスイーツです♡", "price": "2400.00", "image": "menu_images/cheesecake_hfIEkqF.png", "tags": "CAKE", "flavors": [3]}}, {"model": "menu.menu", "pk": 6, "fields": {"name": "チョコいちごケーキ", "description": "甘酸っぱいいちごと濃厚チョコのときめきコンビ♡\r\nふわふわチョコスポンジに、なめらかなチョコクリームとフレッシュないちごをたっぷり重ねて仕上げました。\r\n\r\nひとくち食べれば、チョコのコクといちごの爽やかさがふわっと広がって、思わず笑顔に…♪\r\n甘さと酸味のバランスが絶妙な、見た目もかわいいご褒美スイーツです♡", "price": "2800.00", "image": "menu_images/chocolatecake_DfX46Cu.png", "tags": "CAKE", "flavors": [1, 2]}}, {"model": "menu.menu", "pk": 7, "fields": {"name": "フルーツコーヒーケーキ", "description": "ほろ苦コーヒーとフレッシュフルーツの意外なときめき♡\r\n香り豊かなコーヒースポンジに、みずみずしいフルーツとやさしいクリームを重ねて、ふんわりと仕上げました。\r\n\r\nひとくち食べれば、コーヒーの深いコクとフルーツの爽やかさがふわっと広がって、すっきり幸せ気分に…♪\r\n甘すぎず軽やかな味わいで、ちょっと大人なティータイムにぴったりのスイーツです♡", "price": "2400.00", "image": "menu_images/image_9_sqLP2eq.png", "tags": "CAKE", "flavors": [4, 12]}}, {"model": "menu.menu", "pk": 8, "fields": {"name": "豪華三段いちごショートケーキ", "description": "とびきり華やかな、夢の3段いちごケーキ♡\r\nみずみずしいいちごと、なめらかなクリーム、ふわふわスポンジを贅沢に3層重ねた特別なショートケーキです。\r\n\r\nひとくち食べれば、いちごの甘酸っぱさとクリームのやさしい甘さが重なって、幸せがふわっと広がります…♪\r\n見た目も味も豪華で、誕生日やお祝いにぴったりのプリンセス級スイーツです♡", "price": "5600.00", "image": "menu_images/image_10_TNt0RgA.png", "tags": "CAKE", "flavors": [2, 4, 5]}}, {"model": "menu.menu", "pk": 9, "fields": {"name": "ティラミス", "description": "ほろ苦さとやさしい甘さがとけ合う、定番人気のティラミス♡\r\n香り豊かなエスプレッソをしみ込ませたスポンジに、なめらかなマスカルポーネクリームを重ねて、ココアパウダーでふんわり仕上げました。\r\n\r\nひとくち食べれば、コーヒーの香りとミルキーなコクがふわっと広がって、ほっと幸せ気分に…♪\r\n甘すぎず上品な味わいで、ティータイムにぴったりの癒しスイーツです♡", "price": "2300.00", "image": "menu_images/image_11_0KlLYQY.png", "tags": "CAKE", "flavors": [11, 12, 14]}}, {"model": "menu.menu", "pk": 10, "fields": {"name": "オレンジチョコケーキ", "description": "濃厚チョコと爽やかオレンジのときめきコンビ♡\r\nしっとりチョコスポンジに、コク深いチョコクリームとフレッシュなオレンジを合わせて、バランスよく仕上げました。\r\n\r\nひとくち食べれば、チョコの濃厚な甘さとオレンジのさわやかな酸味がふわっと広がって、思わず笑顔に…♪\r\n甘さと爽やかさが絶妙に重なる、ご褒美にぴったりのスイーツです♡", "price": "3000.00", "image": "menu_images/image_12_O9TfiNo.png", "tags": "CAKE", "flavors": [1, 4, 13]}}, {"model": "menu.menu", "pk": 11, "fields": {"name": "ラズベリーレモンチーズケーキ", "description": "甘酸っぱさがはじける、きゅんとするご褒美ケーキ♡\r\nなめらかなチーズケーキに、爽やかなレモンとフルーティーなラズベリーを合わせて、やさしく焼き上げました。\r\n\r\nひとくち食べれば、レモンのすっきりした酸味とラズベリーの甘酸っぱさがふわっと広がって、思わず笑顔に…♪\r\nさっぱりしているのにしっかり満足感のある、華やかでかわいいスイーツです♡", "price": "2900.00", "image": "menu_images/image_24.png", "tags": "CAKE", "flavors": [3, 4, 15, 16]}}, {"model": "menu.menu", "pk": 12, "fields": {"name": "抹茶ストロベリーケーキ", "description": "ほろ苦抹茶と甘酸っぱいいちごのときめき和スイーツ♡\r\n香り豊かな抹茶スポンジに、なめらかなクリームとフレッシュないちごをたっぷり合わせて、やさしく仕上げました。\r\n\r\nひとくち食べれば、抹茶の深いコクといちごの爽やかな甘酸っぱさがふわっと広がって、思わずほっと笑顔に…♪\r\n和と洋のバランスが絶妙な、上品でかわいいご褒美ケーキです♡", "price": "2800.00", "image": "menu_images/image_25.png", "tags": "CAKE", "flavors": [2, 4, 11, 17]}}, {"model": "menu.menu", "pk": 13, "fields": {"name": "ストロベリーチーズケーキ", "description": "ふんわり甘くて、ちょっぴり酸っぱい幸せスイーツ♡\r\nなめらかなチーズケーキに、フレッシュないちごをたっぷり合わせて、やさしく焼き上げました。\r\n\r\nひとくち食べれば、チーズのまろやかなコクといちごの甘酸っぱさがふわっと広がって、思わずにっこり…♪\r\nさっぱりしつつも満足感のある、毎日食べたくなるご褒美ケーキです♡", "price": "2400.00", "image": "menu_images/image_26.png", "tags": "CAKE", "flavors": [2, 3, 4]}}, {"model": "menu.menu", "pk": 14, "fields": {"name": "かぼちゃとベリーのミックスケーキ", "description": "ほっこりかぼちゃと、甘酸っぱいベリーのときめきケーキ♡\r\nやさしい甘さのパンプキンに、ブルーベリーとチェリーを合わせて、ふわふわスポンジと一緒にやさしく仕上げました。\r\n\r\nひとくち食べれば、かぼちゃのまろやかなコクとベリーの爽やかな酸味がふわっと広がって、思わずにっこり…♪\r\n見た目もカラフルでかわいい、季節感たっぷりのご褒美スイーツです♡", "price": "2400.00", "image": "menu_images/image_27.png", "tags": "CAKE", "flavors": [18, 19, 20]}}, {"model": "menu.menu", "pk": 15, "fields": {"name": "フルーツトッピングティラミス", "description": "定番ティラミスにフルーツのときめきをプラス♡\r\nほろ苦いコーヒースポンジとなめらかなマスカルポーネクリームに、フレッシュないちごやブルーベリーなどのフルーツをたっぷり飾りました。\r\n\r\nひとくち食べれば、コーヒーのコクとミルキーな甘さに、フルーツの爽やかさがふわっと重なって、思わず笑顔に…♪\r\nさっぱり華やかで、見た目もかわいいご褒美スイーツです♡", "price": "2300.00", "image": "menu_images/image_31.png", "tags": "CAKE", "flavors": [4, 14]}}, {"model": "menu.menu", "pk": 16, "fields": {"name": "キャラメルフルーツケーキ", "description": "とろ〜り甘いキャラメルと、フレッシュフルーツのときめきケーキ♡\r\n香ばしいキャラメルクリームに、みずみずしいいちごやブルーベリーをたっぷり合わせて、ふわふわスポンジと一緒にやさしく仕上げました。\r\n\r\nひとくち食べれば、キャラメルのコク深い甘さとフルーツの爽やかな酸味がふわっと広がって、思わずうっとり…♪\r\n甘さとさっぱり感のバランスが絶妙な、ご褒美スイーツです♡", "price": "2300.00", "image": "menu_images/image_30.png", "tags": "CAKE", "flavors": [4, 21]}}, {"model": "menu.menu", "pk": 17, "fields": {"name": "キャロットいちごケーキ", "description": "さしい甘さのにんじんと、甘酸っぱいいちごの意外なときめき♡\r\nすりおろしたにんじんを使ったふわふわスポンジに、なめらかなクリームとフレッシュないちごを合わせて仕上げました。\r\n\r\nひとくち食べれば、自然なやさしい甘さといちごの爽やかな酸味がふわっと広がって、思わずほっと笑顔に…♪\r\nちょっぴりヘルシーで、見た目もかわいいご褒美スイーツです♡", "price": "2000.00", "image": "menu_images/image_32.png", "tags": "CAKE", "flavors": [2, 22]}}, {"model": "menu.menu", "pk": 18, "fields": {"name": "チェリーチーズケーキ", "description": "甘酸っぱいさくらんぼと、なめらかなチーズのときめきケーキ♡\r\nコクのあるチーズケーキに、ジューシーなチェリーをたっぷり合わせて、やさしく焼き上げました。\r\n\r\nひとくち食べれば、チェリーの爽やかな酸味とチーズのまろやかな甘さがふわっと広がって、思わずにっこり…♪\r\n上品でかわいい、ちょっと特別なご褒美スイーツです♡", "price": "2100.00", "image": "menu_images/image_33.png", "tags": "CAKE", "flavors": [3, 20]}}, {"model": "menu.menu", "pk": 19, "fields": {"name": "クッキーチョコさくらんぼケーキ", "description": "ザクザククッキーと濃厚チョコ、甘酸っぱいチェリーのときめきケーキ♡\r\nしっとりチョコスポンジに、チョコクリームとクッキーの食感を重ねて、ジューシーなさくらんぼをたっぷりトッピングしました。\r\n\r\nひとくち食べれば、チョコの濃厚なコクとクッキーの香ばしさ、チェリーの爽やかな酸味が一度に広がって、思わず笑顔に…♪\r\n食感も味も楽しい、ご褒美感たっぷりの贅沢スイーツです♡", "price": "3400.00", "image": "menu_images/image_34.png", "tags": "CAKE", "flavors": [1, 20, 23]}}, {"model": "menu.menu", "pk": 20, "fields": {"name": "さくらんぼクリームケーキ", "description": "ふんわりやさしいクリームと、甘酸っぱいさくらんぼのときめきケーキ♡\r\nしっとりスポンジに、なめらかなホイップクリームをたっぷり重ねて、ジューシーなチェリーを贅沢に飾りました。\r\n\r\nひとくち食べれば、ミルキーな甘さとチェリーの爽やかな酸味がふわっと広がって、思わずにっこり…♪\r\nシンプルだけど上品で、毎日でも食べたくなるご褒美スイーツです♡", "price": "2100.00", "image": "menu_images/image_35.png", "tags": "CAKE", "flavors": [5, 20]}}]